Layer,front_time,front_max_time,front_min_time,end_time,end_max_time,end_min_time,total_time,min_tot,max_tot,count,data_sent
0,25.2307692307692,2952,25,116.632478632479,13646,97,148.42735042735,128,17366,117,40000
1,52.7070707070707,5218,52,249.292929292929,24680,115,308.606060606061,175,30552,99,40000
2,80.85,6468,81,946.275,75702,97,1033.875,184,82710,80,40000
3,106.9125,8553,107,495.25,39620,240,608.8875,354,48711,80,20000
4,133.7375,10699,133,232.95,18636,21,373.4375,161,29875,80,20000
5,160.2875,12823,161,9.7375,779,9,176.6375,177,14131,80,10000
6,186.575,14926,186,9.9375,795,9,203.2,202,16256,80,10000
7,216,17280,216,0,0,0,222.5,223,17800,80,64
8,241.4875,19319,241,0,0,0,247.5,248,19800,80,0
